{
	"books" : [
		{
			"isbn" : "978-0747532743",
			"author":"author1",
			"name" : "Harry Potter and the Philosopher's Stone",
			"coverImageName" : "HPTPS",
			"publicationYear" : "1997"		
		},
		{
			"isbn" : "978-1408704035",
			"author":"author1",
			"name" : "The Silkworm",
			"coverImageName" : "TSW",
			"publicationYear" : "2014"		
		},
		{
			"isbn" : "9780747532743",
			"author":"author2",
			"name" : "Two States",
			"coverImageName" : "HPTPS",
			"publicationYear" : "1997"		
		},
		{
			"isbn" : "978-1514613412",
			"author":"author3",
			"name" : "The Phoenix and the Turtle",
			"coverImageName" : "TPATT",
			"publicationYear" : "1601"		
		}			
	]
}